<?xml version="1.0" encoding="UTF-8"?>
<urn:PluginConfiguration isInheritExtendedContractAttributes="false" name="ADWithPWChange" xmlns:urn="urn:sourceid.org:saml2:adapter:conf">
    <urn:Fields>
        <urn:Field name="LDAP Datastore">LDAP-8BAF0D3AAFB5239B2318E8FAECD9C6F2F54F83C3</urn:Field>
        <urn:Field name="Search Base">ou=labusers,dc=ad,dc=jcarrier,dc=ping-eng,dc=com</urn:Field>
        <urn:Field name="Search Filter">mail=${username}</urn:Field>
        <urn:Field name="Scope of Search">Subtree</urn:Field>
        <urn:Field name="Case-Sensitive Matching">true</urn:Field>
        <urn:Field name="Display Name Attribute">displayName</urn:Field>
        <urn:Field name="Mail Attribute">proxyAddresses</urn:Field>
        <urn:Field name="SMS Attribute">telephoneNumber</urn:Field>
        <urn:Field name="PingID Username Attribute">mail</urn:Field>
        <urn:Field name="Mail Search Filter">mail=${mail}</urn:Field>
        <urn:Field name="Username Attribute">mail</urn:Field>
        <urn:Field name="Mail Verified Attribute"/>
        <urn:Field name="Enable PingDirectory Detailed Password Policy Requirement Messaging">true</urn:Field>
    </urn:Fields>
    <urn:AdvancedFields>
        <urn:Field name="Display Name Attribute">displayName</urn:Field>
        <urn:Field name="Mail Attribute">proxyAddresses</urn:Field>
        <urn:Field name="SMS Attribute">telephoneNumber</urn:Field>
        <urn:Field name="PingID Username Attribute">mail</urn:Field>
        <urn:Field name="Mail Search Filter">mail=${mail}</urn:Field>
        <urn:Field name="Username Attribute">mail</urn:Field>
        <urn:Field name="Mail Verified Attribute"/>
        <urn:Field name="Enable PingDirectory Detailed Password Policy Requirement Messaging">true</urn:Field>
    </urn:AdvancedFields>
    <urn:Tables>
        <urn:Table name="Authentication Error Overrides"/>
    </urn:Tables>
    <urn:ExtendedContractAttributes/>
</urn:PluginConfiguration>