<?xml version="1.0" encoding="UTF-8"?>
<urn:PluginConfiguration isInheritExtendedContractAttributes="false" name="SMTPPublisher" xmlns:urn="urn:sourceid.org:saml2:adapter:conf">
    <urn:Fields>
        <urn:Field name="From Address">noreply@ad.jcarrier.ping-eng.com</urn:Field>
        <urn:Field name="Email Server">dc1.ad.jcarrier.ping-eng.com</urn:Field>
        <urn:Field name="SMTP Port">25</urn:Field>
        <urn:Field name="Encryption Method">NONE</urn:Field>
        <urn:Field name="SMTPS Port">465</urn:Field>
        <urn:Field name="Verify Hostname">true</urn:Field>
        <urn:Field name="Username">jcarrier</urn:Field>
        <urn:Field name="Password">eyJhbGciOiJkaXIiLCJlbmMiOiJBMTI4Q0JDLUhTMjU2Iiwia2lkIjoiRW1JY1UxOVdueSIsInZlcnNpb24iOiI5LjMuMC45In0..rutZ14Z8TUxkOzpgjE-73w.1SCDPYPfM_LHz06C1ZjjLq-Ypv2IXoJspboKRmEkD4c.Ltn53SwB8QOzzWdGVNoGSw</urn:Field>
        <urn:Field name="Test Address">jeremycarrier@pingidentity.com</urn:Field>
        <urn:Field name="Connection Timeout">30</urn:Field>
        <urn:Field name="Retry Attempt">2</urn:Field>
        <urn:Field name="Retry Delay">2</urn:Field>
        <urn:Field name="Enable SMTP Debugging Messages">false</urn:Field>
    </urn:Fields>
    <urn:AdvancedFields>
        <urn:Field name="Connection Timeout">30</urn:Field>
        <urn:Field name="Retry Attempt">2</urn:Field>
        <urn:Field name="Retry Delay">2</urn:Field>
        <urn:Field name="Enable SMTP Debugging Messages">false</urn:Field>
    </urn:AdvancedFields>
    <urn:Tables/>
</urn:PluginConfiguration>